cluster_id,keyword,keyword_role,intent,funnel_stage,problem,target_url,page_type,priority,source,volume,competition,notes
BR-01,"evaluar opciones para una propiedad con problemas",primary,"Commercial investigation","2-4","propiedad compleja","/","homepage comercial","P1","Sitio BRENA y síntesis SERP","NO DISPONIBLE","NO DISPONIBLE","Intención amplia asignada solo a homepage"
BR-01,"qué hacer con una propiedad que genera problemas",variant,"Informational","1-2","propiedad compleja","/","homepage comercial","P1","Sitio BRENA","NO DISPONIBLE","NO DISPONIBLE","Responder con alternativas sin prometer resultado"
BR-01,"solución para propiedad con deudas y gastos",variant,"Commercial investigation","2-4","propiedad compleja","/","homepage comercial","P1","Sitio BRENA","NO DISPONIBLE","NO DISPONIBLE","No presentar BRENA como solución garantizada"
BR-01,"ayuda para vender una propiedad complicada",variant,"Commercial investigation","3-4","propiedad compleja","/","homepage comercial","P1","Lenguaje derivado de problemas declarados por BRENA","NO DISPONIBLE","NO DISPONIBLE","Validar demanda futura con Search Console"
BR-01,"qué opciones tengo si mi propiedad dejó de ser sostenible",question,"Informational","1-2","propiedad compleja","/","homepage comercial","P1","Sitio BRENA","NO DISPONIBLE","NO DISPONIBLE","Lenguaje de problema; no usar como promesa financiera"
BR-02,"vender propiedad rápido",primary,"Transactional","4-5","urgencia de venta","/vender-propiedad-rapido","página comercial futura","P1","Google SERP Chile 2026-08-29","NO DISPONIBLE","NO DISPONIBLE","SERP comercial con anuncios y compradores directos"
BR-02,"vender casa rápido",variant,"Transactional","4-5","urgencia de venta","/vender-propiedad-rapido","página comercial futura","P1","Google SERP Chile 2026-08-29","NO DISPONIBLE","NO DISPONIBLE","No prometer plazo fijo"
BR-02,"necesito vender mi casa urgente",variant,"Transactional","4-5","urgencia de venta","/vender-propiedad-rapido","página comercial futura","P1","Google búsquedas relacionadas y Reddit r/Santiago","NO DISPONIBLE","NO DISPONIBLE","Lenguaje real de necesidad inmediata"
BR-02,"venta rápida de propiedad",variant,"Transactional","4-5","urgencia de venta","/vender-propiedad-rapido","página comercial futura","P1","Google SERP Chile 2026-08-29","NO DISPONIBLE","NO DISPONIBLE","Explicar trade-off plazo precio y certeza"
BR-02,"cómo vender una propiedad rápido",variant,"Commercial investigation","3-4","urgencia de venta","/vender-propiedad-rapido","página comercial futura","P1","Google SERP y TOCTOC","NO DISPONIBLE","NO DISPONIBLE","Contenido comercial debe responder proceso"
BR-02,"cuánto tarda vender una casa",question,"Informational","2-3","urgencia de venta","/vender-propiedad-rapido","página comercial futura","P1","Google People Also Ask 2026-08-29","NO DISPONIBLE","NO DISPONIBLE","No publicar un plazo universal"
BR-02,"cómo vender rápido sin malvender",question,"Commercial investigation","3-4","urgencia de venta","/vender-propiedad-rapido","página comercial futura","P1","Lenguaje SERP y foros","NO DISPONIBLE","NO DISPONIBLE","Evitar promesa de mejor precio"
BR-03,"vender propiedad con deuda hipotecaria",primary,"Commercial investigation","3-4","deuda o hipoteca","/vender-propiedad-con-deudas","página comercial educativa futura","P1","Google SERP Chile y ChileAtiende","NO DISPONIBLE","NO DISPONIBLE","Requiere revisión legal y financiera"
BR-03,"vender casa hipotecada",variant,"Commercial investigation","3-4","deuda o hipoteca","/vender-propiedad-con-deudas","página comercial educativa futura","P1","Google SERP Chile 2026-08-29","NO DISPONIBLE","NO DISPONIBLE","Distinguir hipoteca saldo y prohibiciones"
BR-03,"vender casa con deuda bancaria",variant,"Commercial investigation","3-4","deuda o hipoteca","/vender-propiedad-con-deudas","página comercial educativa futura","P1","Google SERP Chile 2026-08-29","NO DISPONIBLE","NO DISPONIBLE","No dar asesoría individual"
BR-03,"vender casa que todavía estoy pagando",variant,"Informational","2-3","deuda o hipoteca","/vender-propiedad-con-deudas","página comercial educativa futura","P1","Reddit r/chile y búsquedas relacionadas","NO DISPONIBLE","NO DISPONIBLE","Lenguaje real de usuario"
BR-03,"vender propiedad con deudas",variant,"Commercial investigation","3-4","deuda o hipoteca","/vender-propiedad-con-deudas","página comercial educativa futura","P1","Google SERP Chile 2026-08-29","NO DISPONIBLE","NO DISPONIBLE","Deuda genérica debe aclararse"
BR-03,"qué pasa con la hipoteca al vender",question,"Informational","1-3","deuda o hipoteca","/vender-propiedad-con-deudas","página comercial educativa futura","P1","Google People Also Ask y ChileAtiende","NO DISPONIBLE","NO DISPONIBLE","Citar fuentes oficiales y fecha"
BR-03,"se puede vender una casa con deudas",question,"Informational","1-3","deuda o hipoteca","/vender-propiedad-con-deudas","página comercial educativa futura","P1","Google People Also Ask 2026-08-29","NO DISPONIBLE","NO DISPONIBLE","Respuesta depende del tipo de deuda y gravamen"
BR-04,"vender casa en mal estado",primary,"Commercial investigation","3-4","deterioro físico","/vender-propiedad-en-mal-estado","página comercial futura","P1","Google SERP Chile 2026-08-29","NO DISPONIBLE","NO DISPONIBLE","Separar condición física de situación legal"
BR-04,"vender propiedad en mal estado",variant,"Commercial investigation","3-4","deterioro físico","/vender-propiedad-en-mal-estado","página comercial futura","P1","Google SERP Chile 2026-08-29","NO DISPONIBLE","NO DISPONIBLE","Alta cercanía a conversión"
BR-04,"vender casa sin remodelar",variant,"Commercial investigation","3-4","deterioro físico","/vender-propiedad-en-mal-estado","página comercial futura","P1","Google SERP y FAQ actual de BRENA","NO DISPONIBLE","NO DISPONIBLE","No exigir arreglos antes de evaluación"
BR-04,"vender casa para remodelar",variant,"Transactional","4-5","deterioro físico","/vender-propiedad-en-mal-estado","página comercial futura","P1","Google SERP Chile 2026-08-29","NO DISPONIBLE","NO DISPONIBLE","No afirmar que BRENA compra directamente sin confirmación"
BR-04,"vender casa deteriorada",variant,"Commercial investigation","3-4","deterioro físico","/vender-propiedad-en-mal-estado","página comercial futura","P1","Google SERP Chile 2026-08-29","NO DISPONIBLE","NO DISPONIBLE","Puede requerir evaluación constructiva"
BR-04,"se puede vender una casa sin arreglarla",question,"Informational","2-3","deterioro físico","/vender-propiedad-en-mal-estado","página comercial futura","P1","FAQ actual BRENA y SERP","NO DISPONIBLE","NO DISPONIBLE","Respuesta útil sin prometer aceptación"
BR-05,"conviene remodelar antes de vender",primary,"Commercial investigation","2-3","decisión remodelar o vender","/guias/remodelar-o-vender-antes-de-vender","guía futura","P2","Google SERP Chile 2026-08-29","NO DISPONIBLE","NO DISPONIBLE","SERP de guías videos y foros"
BR-05,"remodelar o vender",variant,"Commercial investigation","2-3","decisión remodelar o vender","/guias/remodelar-o-vender-antes-de-vender","guía futura","P2","Google SERP Chile 2026-08-29","NO DISPONIBLE","NO DISPONIBLE","Comparar escenarios con supuestos"
BR-05,"arreglar casa antes de vender",variant,"Informational","2-3","decisión remodelar o vender","/guias/remodelar-o-vender-antes-de-vender","guía futura","P2","Google SERP Chile 2026-08-29","NO DISPONIBLE","NO DISPONIBLE","Consulta de decisión; enlazar a BR-04 para venta sin remodelar"
BR-05,"qué arreglar antes de vender una casa",variant,"Informational","2-3","decisión remodelar o vender","/guias/remodelar-o-vender-antes-de-vender","guía futura","P2","Reddit r/chile y Google SERP","NO DISPONIBLE","NO DISPONIBLE","Usar criterios no lista universal"
BR-05,"cuánto invertir antes de vender",variant,"Commercial investigation","2-3","decisión remodelar o vender","/guias/remodelar-o-vender-antes-de-vender","guía futura","P2","Google SERP Chile 2026-08-29","NO DISPONIBLE","NO DISPONIBLE","No prometer retorno"
BR-05,"qué reparaciones aumentan el valor de venta",question,"Informational","2-3","decisión remodelar o vender","/guias/remodelar-o-vender-antes-de-vender","guía futura","P2","Google SERP videos y foros","NO DISPONIBLE","NO DISPONIBLE","Requiere experiencia documentada"
BR-06,"vender propiedad heredada en Chile",primary,"Commercial investigation","3-4","herencia o copropiedad","/vender-propiedad-heredada","página futura condicional","P2","Google SERP Chile y ChileAtiende","NO DISPONIBLE","NO DISPONIBLE","Publicar solo con revisión legal"
BR-06,"vender casa heredada",variant,"Commercial investigation","3-4","herencia o copropiedad","/vender-propiedad-heredada","página futura condicional","P2","Google SERP Chile 2026-08-29","NO DISPONIBLE","NO DISPONIBLE","SERP dominada por abogados y corredores"
BR-06,"vender casa heredada entre hermanos",variant,"Informational","2-4","herencia o copropiedad","/vender-propiedad-heredada","página futura condicional","P2","Google búsquedas relacionadas y Reddit","NO DISPONIBLE","NO DISPONIBLE","No asumir consentimiento ni titularidad"
BR-06,"vender parte de una propiedad heredada",variant,"Informational","2-3","herencia o copropiedad","/vender-propiedad-heredada","página futura condicional","P2","Google People Also Ask 2026-08-29","NO DISPONIBLE","NO DISPONIBLE","Tema jurídico complejo; solo orientación general"
BR-06,"vender propiedad en copropiedad",variant,"Commercial investigation","3-4","herencia o copropiedad","/vender-propiedad-heredada","página futura condicional","P2","Sitio BRENA y SERP hereditaria","NO DISPONIBLE","NO DISPONIBLE","Confirmar que BRENA atiende estos casos"
BR-06,"qué documentos se necesitan para vender una propiedad heredada",question,"Informational","1-3","herencia o copropiedad","/vender-propiedad-heredada","página futura condicional","P2","ChileAtiende BCN y Conservador","NO DISPONIBLE","NO DISPONIBLE","Checklist con fuente y fecha"
BR-06,"se puede vender sin la firma de un heredero",question,"Informational","1-2","herencia o copropiedad","/vender-propiedad-heredada","página futura condicional","P2","Google People Also Ask 2026-08-29","NO DISPONIBLE","NO DISPONIBLE","No responder sin revisión legal"
BR-07,"qué hacer con una propiedad que genera gastos",primary,"Commercial investigation","2-3","costos y falta de liquidez","/","sección de homepage","P2","Sitio BRENA","NO DISPONIBLE","NO DISPONIBLE","Evidencia externa específica limitada"
BR-07,"propiedad desocupada genera gastos",variant,"Informational","1-2","costos y falta de liquidez","/","sección de homepage","P2","Sitio BRENA y SII","NO DISPONIBLE","NO DISPONIBLE","No crear página delgada todavía"
BR-07,"no puedo seguir pagando los gastos de mi propiedad",variant,"Commercial investigation","2-4","costos y falta de liquidez","/","sección de homepage","P2","Lenguaje del problema declarado por BRENA","NO DISPONIBLE","NO DISPONIBLE","Evitar inferir insolvencia"
BR-07,"vender propiedad por falta de liquidez",variant,"Commercial investigation","3-4","costos y falta de liquidez","/","sección de homepage","P2","Sitio BRENA","NO DISPONIBLE","NO DISPONIBLE","No prometer solución financiera"
BR-07,"cuánto cuesta mantener una propiedad vacía",question,"Informational","1-2","costos y falta de liquidez","/","sección de homepage","P2","SII y síntesis de costos del sitio BRENA","NO DISPONIBLE","NO DISPONIBLE","Costos varían por inmueble y administración"
BR-08,"cómo saber cuánto vale realmente una propiedad",primary,"Commercial investigation","2-3","valor y resultado neto","/guias/evaluar-alternativas-para-una-propiedad","guía futura","P2","Google SERP Chile 2026-08-29","NO DISPONIBLE","NO DISPONIBLE","Distinguir precio tasación y resultado neto"
BR-08,"evaluar alternativas para una propiedad",variant,"Commercial investigation","2-3","valor y resultado neto","/guias/evaluar-alternativas-para-una-propiedad","guía futura","P2","Metodología declarada por BRENA","NO DISPONIBLE","NO DISPONIBLE","Diferenciación metodológica"
BR-08,"calcular resultado de vender una casa",variant,"Informational","2-3","valor y resultado neto","/guias/evaluar-alternativas-para-una-propiedad","guía futura","P2","Síntesis SERP de costos y valoración","NO DISPONIBLE","NO DISPONIBLE","No crear calculadora sin contrato aprobado"
BR-08,"diferencia entre tasación y precio de venta",variant,"Informational","2-3","valor y resultado neto","/guias/evaluar-alternativas-para-una-propiedad","guía futura","P2","Google SERP herramientas de tasación","NO DISPONIBLE","NO DISPONIBLE","Explicar conceptos; BRENA no ofrece tasación certificada demostrada"
BR-08,"cuánto vale mi casa",variant,"Commercial investigation","2-4","valor y resultado neto","/guias/evaluar-alternativas-para-una-propiedad","guía futura","P2","Google SERP herramientas y portales","NO DISPONIBLE","NO DISPONIBLE","Competencia cualitativamente alta"
BR-08,"qué costos debo descontar del precio de venta",question,"Informational","2-3","valor y resultado neto","/guias/evaluar-alternativas-para-una-propiedad","guía futura","P2","SERVIU portales y corredores","NO DISPONIBLE","NO DISPONIBLE","Requiere fuentes vigentes"
BR-09,"cómo vender una propiedad en Chile",primary,"Informational","1-3","proceso de venta","/guias/como-vender-una-propiedad-en-chile","guía futura","P3","SERVIU y Google SERP Chile","NO DISPONIBLE","NO DISPONIBLE","Guía amplia de apoyo"
BR-09,"pasos para vender una casa",variant,"Informational","1-3","proceso de venta","/guias/como-vender-una-propiedad-en-chile","guía futura","P3","SERVIU bancos y portales","NO DISPONIBLE","NO DISPONIBLE","Mantener actualización editorial"
BR-09,"documentos para vender una propiedad",variant,"Informational","1-3","proceso de venta","/guias/como-vender-una-propiedad-en-chile","guía futura","P3","SERVIU y Google People Also Ask","NO DISPONIBLE","NO DISPONIBLE","Puede variar por caso"
BR-09,"costos de vender una propiedad",variant,"Informational","2-3","proceso de venta","/guias/como-vender-una-propiedad-en-chile","guía futura","P3","SERVIU portales y corredores","NO DISPONIBLE","NO DISPONIBLE","No inventar porcentajes"
BR-09,"requisitos para vender una casa",variant,"Informational","1-3","proceso de venta","/guias/como-vender-una-propiedad-en-chile","guía futura","P3","Google People Also Ask y SERVIU","NO DISPONIBLE","NO DISPONIBLE","Revisión legal y fecha obligatorias"
BR-09,"qué revisar antes de publicar una propiedad",question,"Informational","1-2","proceso de venta","/guias/como-vender-una-propiedad-en-chile","guía futura","P3","Portales corredores y SERVIU","NO DISPONIBLE","NO DISPONIBLE","Conectar con clusters de problema"
DX-01,"evitar el remate de mi casa",discarded,"Irrelevant / fuera de scope","1-4","insolvencia o ejecución","NO PERSEGUIR","descartado","DESCARTADO","Google SERP deuda y búsquedas relacionadas","NO DISPONIBLE","NO DISPONIBLE","BRENA no demuestra servicio jurídico de ejecución"
DX-01,"vender casa embargada",discarded,"Irrelevant / fuera de scope","2-4","insolvencia o ejecución","NO PERSEGUIR","descartado","DESCARTADO","Google People Also Ask 2026-08-29","NO DISPONIBLE","NO DISPONIBLE","Alto riesgo legal; derivar a profesional"
DX-01,"salir de DICOM vendiendo una propiedad",discarded,"Irrelevant / fuera de scope","2-4","insolvencia o ejecución","NO PERSEGUIR","descartado","DESCARTADO","Lenguaje adyacente en SERP financiera","NO DISPONIBLE","NO DISPONIBLE","No prometer efectos crediticios"
DX-02,"refinanciar crédito hipotecario",discarded,"Irrelevant / fuera de scope","3-4","producto financiero","NO PERSEGUIR","descartado","DESCARTADO","Google SERP bancaria","NO DISPONIBLE","NO DISPONIBLE","Servicio no ofrecido por BRENA"
DX-02,"leaseback inmobiliario Chile",discarded,"Irrelevant / fuera de scope","3-4","producto financiero","NO PERSEGUIR","descartado","DESCARTADO","Google SERP financiera","NO DISPONIBLE","NO DISPONIBLE","Producto no ofrecido por BRENA"
DX-03,"comprar propiedades para invertir",discarded,"Irrelevant / fuera de scope","3-5","inversión inmobiliaria","NO PERSEGUIR","descartado","DESCARTADO","Google SERP inmobiliaria","NO DISPONIBLE","NO DISPONIBLE","Audiencia compradora distinta"
DX-03,"flipping inmobiliario Chile",discarded,"Irrelevant / fuera de scope","2-4","inversión inmobiliaria","NO PERSEGUIR","descartado","DESCARTADO","Google SERP remodelación","NO DISPONIBLE","NO DISPONIBLE","No es el servicio público demostrado"
DX-04,"vender casa rápido en cada comuna",discarded,"Irrelevant / fuera de scope","4-5","doorway geográfico","NO PERSEGUIR","descartado","DESCARTADO","Patrón SEO evaluado","NO DISPONIBLE","NO DISPONIBLE","Sin cobertura ni contenido diferencial comprobados"
DX-05,"vender casa en 24 horas",discarded,"Irrelevant / fuera de scope","4-5","promesa de plazo","NO PERSEGUIR","descartado","DESCARTADO","Anuncios y competidores de venta rápida","NO DISPONIBLE","NO DISPONIBLE","Promesa no demostrada"
DX-05,"mejor precio garantizado por mi casa",discarded,"Irrelevant / fuera de scope","4-5","promesa de precio","NO PERSEGUIR","descartado","DESCARTADO","Lenguaje comercial competidor","NO DISPONIBLE","NO DISPONIBLE","Afirmación no demostrable"
DX-06,"tasar propiedad online",discarded,"Irrelevant / fuera de scope","3-4","herramienta de tasación","NO PERSEGUIR","descartado","DESCARTADO","Google SERP herramientas de tasación","NO DISPONIBLE","NO DISPONIBLE","BRENA no demuestra un estimador ni una tasación certificada"
